ZIP Code,Zip_Name,CTW_lessthan5_Min,CTW_5-9_Min,CTW_10-14_Min,CTW_15-19_Min,CTW_20-24_Min,CTW_25-29_Min,CTW_30-34_Min,CTW_35-39_Min,CTW_40-44_Min,CTW_45-59_Min,CTW_60-89_Min,CTW_90+_Min,pop15_marital_status,pop25_att_college,pop25_att_high_School,pop25_att_Bachelors,2021_Median_Home_Value,2021_Income,pop_2021
7002,Bayonne,0.01,0.07,0.1,0.08,0.09,0.04,0.19,0.03,0.07,0.12,0.13,0.07,0.49,0.15,0.29,0.27,354539,68397,"67,010"
10001,New York,0.02,0.03,0.08,0.17,0.21,0.09,0.18,0.04,0.05,0.05,0.06,0.02,0.32,0.08,0.07,0.42,944937,104283,"29,482"
10002,New York,0.02,0.02,0.06,0.14,0.11,0.05,0.24,0.04,0.08,0.12,0.1,0.04,0.39,0.09,0.17,0.24,833078,37969,"81,600"
10003,New York,0.02,0.05,0.08,0.15,0.22,0.13,0.18,0.04,0.03,0.07,0.04,0.02,0.28,0.07,0.04,0.44,1353322,121138,"56,236"
10004,New York,0.02,0.12,0.09,0.08,0.17,0.11,0.21,0.05,0.06,0.03,0.03,0.03,0.4,0.04,0.03,0.48,1363095,176121,"5,329"
10005,New York,0.04,0.15,0.07,0.07,0.2,0.08,0.2,0.06,0.05,0.03,0.02,0.03,0.33,0.03,0.03,0.52,1608654,169583,"6,572"
10006,New York,0.01,0.12,0.13,0.1,0.1,0.1,0.16,0.08,0.06,0.04,0.06,0.03,0.39,0.04,0.02,0.43,1183735,172801,"3,269"
10007,New York,0,0.07,0.09,0.12,0.25,0.15,0.17,0.04,0.04,0.02,0.04,0.01,0.56,0.05,0.04,0.47,2000001,200001,"8,059"
10009,New York,0.02,0.01,0.04,0.08,0.13,0.1,0.26,0.05,0.08,0.13,0.08,0.02,0.29,0.11,0.12,0.38,907293,73119,"63,177"
10010,New York,0.01,0.05,0.06,0.11,0.22,0.09,0.19,0.03,0.04,0.06,0.1,0.02,0.37,0.07,0.07,0.42,1105274,129049,"27,275"
10011,New York,0.01,0.04,0.1,0.17,0.24,0.11,0.18,0.02,0.04,0.04,0.04,0.02,0.32,0.07,0.04,0.41,1479793,138713,"52,269"
10012,New York,0.02,0.09,0.1,0.12,0.23,0.08,0.18,0.03,0.04,0.05,0.03,0.02,0.34,0.06,0.06,0.44,2000001,114817,"24,701"
10013,New York,0.02,0.04,0.1,0.14,0.18,0.11,0.22,0.03,0.04,0.06,0.03,0.02,0.48,0.06,0.06,0.4,2000001,129951,"29,813"
10014,New York,0.01,0.04,0.05,0.18,0.24,0.12,0.19,0.02,0.03,0.08,0.04,0.01,0.31,0.06,0.05,0.45,1414984,139566,"29,703"
10016,New York,0.01,0.07,0.1,0.15,0.24,0.08,0.16,0.03,0.04,0.05,0.04,0.02,0.32,0.07,0.04,0.44,1161349,124141,"61,002"
10017,New York,0,0.06,0.08,0.16,0.26,0.09,0.13,0.02,0.05,0.08,0.04,0.04,0.35,0.06,0.04,0.49,926460,128584,"15,597"
10018,New York,0.01,0.04,0.12,0.11,0.22,0.13,0.2,0.03,0.05,0.04,0.04,0.03,0.35,0.09,0.06,0.4,1684932,130398,"8,254"
10019,New York,0.02,0.05,0.09,0.16,0.2,0.08,0.19,0.03,0.05,0.07,0.04,0.02,0.35,0.08,0.08,0.38,1217101,111934,"45,505"
10020,New York,0,0.1,0.07,0.14,0.22,0.11,0.2,0.01,0.02,0.02,0.03,0.07,0.44,0.08,0.05,0.35,1170455,86080,192
10021,New York,0.02,0.06,0.06,0.1,0.17,0.08,0.18,0.04,0.08,0.13,0.04,0.04,0.53,0.09,0.06,0.34,1808581,139863,"43,606"
10022,New York,0.01,0.06,0.11,0.17,0.17,0.08,0.18,0.02,0.06,0.09,0.03,0.02,0.45,0.07,0.04,0.41,1372003,158311,"35,396"
10023,New York,0.01,0.03,0.08,0.09,0.17,0.1,0.28,0.05,0.05,0.08,0.04,0.03,0.46,0.07,0.05,0.34,1621062,140853,"66,378"
10024,New York,0.01,0.02,0.04,0.07,0.17,0.09,0.27,0.07,0.09,0.1,0.05,0.03,0.5,0.06,0.04,0.37,1868685,147332,"59,001"
10025,New York,0.01,0.03,0.04,0.07,0.12,0.08,0.24,0.06,0.1,0.12,0.09,0.03,0.41,0.09,0.07,0.29,1442769,95465,"95,374"
10026,New York,0.01,0.02,0.03,0.05,0.11,0.07,0.26,0.08,0.1,0.18,0.08,0.03,0.31,0.14,0.16,0.24,1210113,62435,"34,416"
10027,New York,0.01,0.06,0.06,0.07,0.09,0.06,0.22,0.06,0.09,0.18,0.08,0.03,0.28,0.12,0.15,0.24,938248,49981,"63,198"
10028,New York,0.02,0.02,0.04,0.08,0.16,0.09,0.24,0.04,0.11,0.13,0.07,0.02,0.47,0.06,0.04,0.4,1575608,131417,"45,903"
10029,New York,0.01,0.04,0.04,0.07,0.11,0.06,0.22,0.06,0.09,0.16,0.1,0.03,0.3,0.13,0.18,0.19,881616,36559,"80,232"
10030,New York,0.01,0.03,0.05,0.03,0.09,0.04,0.2,0.05,0.12,0.2,0.14,0.03,0.27,0.19,0.15,0.19,826367,41094,"27,208"
10031,New York,0.01,0.02,0.02,0.06,0.07,0.05,0.2,0.06,0.13,0.19,0.15,0.04,0.33,0.14,0.17,0.23,719218,51696,"57,013"
10032,New York,0.01,0.05,0.05,0.06,0.07,0.02,0.17,0.04,0.09,0.21,0.17,0.05,0.31,0.15,0.14,0.2,738698,48635,"62,372"
10033,New York,0.01,0.03,0.04,0.05,0.05,0.03,0.15,0.04,0.1,0.23,0.21,0.05,0.39,0.13,0.14,0.24,742215,62062,"54,956"
10034,New York,0.02,0.04,0.04,0.04,0.04,0.03,0.11,0.03,0.09,0.26,0.24,0.05,0.37,0.15,0.16,0.21,587934,56998,"38,159"
10035,New York,0.01,0.03,0.05,0.05,0.1,0.03,0.24,0.05,0.11,0.2,0.09,0.04,0.26,0.15,0.19,0.16,889860,28010,"34,197"
10036,New York,0.01,0.04,0.06,0.12,0.2,0.12,0.19,0.06,0.04,0.06,0.07,0.03,0.28,0.09,0.06,0.4,1112444,98564,"26,766"
10037,New York,0.01,0.05,0.05,0.05,0.06,0.03,0.19,0.05,0.1,0.29,0.1,0.04,0.26,0.16,0.2,0.22,1197222,43176,"17,742"
10038,New York,0.01,0.06,0.12,0.12,0.14,0.12,0.2,0.03,0.06,0.06,0.06,0.02,0.35,0.08,0.09,0.4,1101055,115101,"22,487"
10039,New York,0.01,0.02,0.05,0.03,0.08,0.05,0.18,0.04,0.11,0.24,0.14,0.05,0.27,0.18,0.19,0.21,561486,43006,"20,142"
10040,New York,0.02,0.04,0.04,0.06,0.09,0.02,0.09,0.05,0.08,0.25,0.2,0.06,0.37,0.14,0.15,0.23,546397,47914,"38,517"
10044,New York,0,0,0.01,0.04,0.08,0.11,0.34,0.05,0.11,0.14,0.1,0.02,0.48,0.1,0.14,0.25,1055310,106870,"14,020"
10065,New York,0.02,0.08,0.1,0.14,0.18,0.09,0.17,0.03,0.04,0.1,0.04,0.02,0.49,0.08,0.05,0.4,1890625,145796,"33,521"
10069,New York,0,0.02,0.05,0.02,0.12,0.14,0.28,0.03,0.12,0.17,0.05,0.01,0.49,0.03,0.06,0.41,1797297,145690,"6,939"
10075,New York,0.01,0.02,0.06,0.08,0.2,0.07,0.22,0.09,0.06,0.14,0.05,0.01,0.45,0.08,0.09,0.38,1223062,124296,"27,331"
10128,New York,0.01,0.02,0.04,0.06,0.12,0.11,0.25,0.07,0.09,0.14,0.08,0.02,0.48,0.06,0.06,0.38,1471853,120427,"58,648"
10280,New York,0,0.03,0.11,0.17,0.13,0.1,0.15,0.08,0.07,0.08,0.04,0.03,0.59,0.05,0.01,0.42,1403096,198944,"5,882"
10281,New York,0,0.06,0.18,0.09,0.34,0.12,0.13,0,0.05,0.04,0,0,0.5,0.03,0.2,0.4,0,200001,"2,959"
10282,New York,0.02,0.08,0.1,0.13,0.09,0.09,0.17,0.06,0.1,0.11,0.06,0.01,0.61,0.06,0.05,0.39,2000001,200001,"5,204"
10301,Staten Island,0.02,0.05,0.09,0.09,0.08,0.05,0.1,0.01,0.05,0.1,0.23,0.14,0.44,0.17,0.2,0.21,640296,68502,"40,618"
10302,Staten Island,0.02,0.03,0.09,0.12,0.14,0.03,0.13,0.02,0.03,0.08,0.16,0.15,0.47,0.19,0.25,0.2,432318,70349,"19,710"
10303,Staten Island,0.01,0.03,0.11,0.1,0.13,0.03,0.11,0.01,0.05,0.1,0.16,0.17,0.47,0.19,0.21,0.19,371891,69611,"27,437"
10304,Staten Island,0,0.03,0.07,0.11,0.08,0.03,0.1,0.02,0.06,0.12,0.24,0.15,0.46,0.15,0.24,0.19,591606,60824,"44,260"
10305,Staten Island,0.01,0.05,0.06,0.07,0.1,0.03,0.12,0.02,0.06,0.11,0.25,0.13,0.55,0.15,0.24,0.22,580310,80955,"42,275"
10306,Staten Island,0.01,0.04,0.06,0.08,0.11,0.04,0.12,0.03,0.06,0.11,0.17,0.16,0.55,0.18,0.29,0.19,613288,88062,"54,782"
10307,Staten Island,0.01,0.07,0.1,0.07,0.11,0.04,0.09,0.03,0.04,0.07,0.2,0.17,0.56,0.17,0.23,0.25,764022,94542,"14,312"
10308,Staten Island,0,0.03,0.05,0.09,0.1,0.05,0.11,0.03,0.05,0.09,0.23,0.18,0.58,0.17,0.27,0.24,597124,104565,"27,465"
10309,Staten Island,0.01,0.02,0.07,0.1,0.09,0.03,0.11,0.01,0.06,0.11,0.22,0.17,0.58,0.19,0.27,0.23,663510,112936,"33,883"
10310,Staten Island,0.02,0.07,0.08,0.12,0.09,0.04,0.11,0.02,0.05,0.08,0.17,0.15,0.5,0.16,0.2,0.2,584247,76674,"26,925"
10311,Staten Island,0,0,0,0,0,0,0,0,0,0,0,0,0,0,0,0,0,0,0
10312,Staten Island,0.01,0.03,0.07,0.1,0.08,0.03,0.12,0.02,0.05,0.11,0.22,0.16,0.6,0.19,0.27,0.22,605533,105602,"59,571"
10314,Staten Island,0.02,0.04,0.08,0.11,0.12,0.04,0.09,0.02,0.04,0.1,0.22,0.13,0.57,0.16,0.27,0.22,605840,98996,"86,105"
10451,Bronx,0.01,0.04,0.07,0.06,0.08,0.04,0.16,0.04,0.08,0.17,0.21,0.05,0.33,0.17,0.21,0.15,220135,29447,"46,713"
10452,Bronx,0.01,0.02,0.05,0.05,0.08,0.02,0.16,0.04,0.06,0.24,0.22,0.07,0.35,0.17,0.23,0.12,323944,29459,"76,315"
10453,Bronx,0.01,0.03,0.06,0.05,0.08,0.02,0.14,0.04,0.06,0.19,0.24,0.09,0.35,0.18,0.23,0.11,541440,27832,"81,992"
10454,Bronx,0.03,0.04,0.04,0.04,0.09,0.04,0.17,0.03,0.06,0.17,0.24,0.07,0.3,0.17,0.24,0.08,467412,20863,"41,477"
10455,Bronx,0,0.03,0.05,0.05,0.06,0.01,0.16,0.04,0.08,0.18,0.23,0.1,0.3,0.16,0.25,0.1,496995,27546,"38,904"
10456,Bronx,0.01,0.03,0.04,0.06,0.08,0.03,0.17,0.03,0.06,0.16,0.24,0.09,0.34,0.19,0.24,0.11,413805,28888,"93,547"
10457,Bronx,0,0.03,0.04,0.05,0.07,0.04,0.15,0.03,0.06,0.19,0.25,0.1,0.36,0.18,0.22,0.1,475614,28998,"75,564"
10458,Bronx,0.01,0.05,0.06,0.04,0.06,0.03,0.13,0.02,0.07,0.17,0.28,0.08,0.33,0.18,0.26,0.11,485110,36790,"77,651"
10459,Bronx,0.01,0.04,0.06,0.06,0.07,0.02,0.15,0.03,0.07,0.14,0.27,0.07,0.31,0.17,0.24,0.12,478969,27766,"49,942"
10460,Bronx,0.01,0.04,0.03,0.07,0.08,0.04,0.12,0.03,0.05,0.18,0.3,0.06,0.36,0.18,0.21,0.11,503015,28590,"59,942"
10461,Bronx,0.01,0.04,0.08,0.11,0.08,0.03,0.11,0.01,0.05,0.13,0.27,0.08,0.44,0.16,0.23,0.19,539675,60515,"50,412"
10462,Bronx,0.01,0.02,0.04,0.06,0.05,0.04,0.13,0.02,0.05,0.17,0.32,0.1,0.41,0.18,0.23,0.18,428975,55047,"81,256"
10463,Bronx,0.01,0.04,0.04,0.05,0.07,0.04,0.12,0.03,0.06,0.16,0.29,0.09,0.43,0.15,0.17,0.21,455175,62705,"71,314"
10464,Bronx,0.02,0.07,0.08,0.13,0.03,0.07,0.11,0.02,0.04,0.07,0.27,0.09,0.47,0.1,0.17,0.22,630023,100474,"4,425"
10465,Bronx,0.01,0.05,0.07,0.1,0.11,0.04,0.13,0.02,0.05,0.12,0.2,0.1,0.43,0.19,0.23,0.15,557199,79680,"40,699"
10466,Bronx,0.01,0.03,0.06,0.08,0.08,0.05,0.15,0.02,0.04,0.12,0.23,0.15,0.39,0.17,0.24,0.16,501926,56469,"68,386"
10467,Bronx,0.01,0.03,0.04,0.06,0.07,0.03,0.14,0.02,0.06,0.15,0.28,0.12,0.37,0.18,0.25,0.14,471728,39867,"99,501"
10468,Bronx,0,0.03,0.04,0.05,0.07,0.03,0.11,0.02,0.08,0.19,0.28,0.1,0.39,0.18,0.24,0.11,340167,38647,"74,471"
10469,Bronx,0.01,0.03,0.05,0.08,0.08,0.04,0.15,0.02,0.03,0.13,0.27,0.11,0.41,0.17,0.24,0.17,520547,65113,"67,451"
10470,Bronx,0.01,0.01,0.05,0.08,0.09,0.04,0.11,0.04,0.05,0.14,0.25,0.13,0.4,0.16,0.23,0.21,527872,64670,"14,968"
10471,Bronx,0.02,0.05,0.06,0.06,0.06,0.06,0.12,0.01,0.05,0.15,0.26,0.1,0.43,0.16,0.13,0.26,565406,90044,"23,098"
10472,Bronx,0.01,0.03,0.03,0.06,0.06,0.03,0.14,0.03,0.06,0.13,0.34,0.08,0.37,0.17,0.23,0.11,541406,34567,"66,091"
10473,Bronx,0.01,0.03,0.04,0.06,0.09,0.03,0.15,0.01,0.08,0.1,0.29,0.12,0.33,0.21,0.22,0.14,463437,45362,"59,935"
10474,Bronx,0.01,0.04,0.12,0.05,0.06,0.01,0.13,0.01,0.08,0.08,0.31,0.09,0.28,0.16,0.25,0.11,484766,24771,"12,310"
10475,Bronx,0.01,0.03,0.05,0.04,0.06,0.03,0.09,0.02,0.04,0.17,0.33,0.12,0.34,0.2,0.21,0.19,42825,56045,"40,496"
10805,New Rochelle,0.02,0.07,0.1,0.14,0.14,0.05,0.18,0.03,0.04,0.1,0.1,0.05,0.4,0.14,0.21,0.21,504624,72919,"17,734"
11004,Glen Oaks,0.01,0.06,0.07,0.1,0.16,0.04,0.12,0.02,0.06,0.1,0.13,0.12,0.56,0.13,0.22,0.28,555679,101361,"12,906"
11005,Floral Park,0,0,0.23,0.12,0,0,0.1,0,0.03,0.06,0.23,0.24,0.42,0.26,0.17,0.25,1009259,65004,"1,722"
11101,Long Island City,0,0.02,0.03,0.07,0.12,0.09,0.24,0.05,0.11,0.12,0.1,0.03,0.43,0.09,0.22,0.27,929472,101843,"44,857"
11102,Astoria,0,0.01,0.03,0.03,0.05,0.04,0.18,0.07,0.15,0.26,0.14,0.03,0.39,0.1,0.19,0.36,812050,73192,"37,327"
11103,Astoria,0.01,0.02,0.03,0.04,0.07,0.04,0.18,0.07,0.12,0.23,0.17,0.03,0.41,0.09,0.19,0.35,896382,80393,"36,791"
11104,Sunnyside,0.01,0.01,0.02,0.05,0.05,0.07,0.23,0.08,0.12,0.21,0.13,0.03,0.45,0.11,0.17,0.31,744129,69286,"28,734"
11105,Astoria,0.01,0.02,0.03,0.05,0.07,0.03,0.15,0.05,0.1,0.27,0.19,0.04,0.43,0.11,0.17,0.34,886653,86559,"36,585"
11106,Astoria,0.01,0.01,0.03,0.04,0.08,0.04,0.23,0.05,0.13,0.21,0.14,0.04,0.42,0.1,0.17,0.34,696259,71965,"39,143"
11109,Long Island City,0,0.02,0.01,0.06,0.16,0.11,0.26,0.05,0.11,0.11,0.06,0.04,0.63,0.08,0.1,0.4,995495,168722,"5,695"
11201,Brooklyn,0.01,0.03,0.05,0.08,0.12,0.08,0.23,0.08,0.1,0.14,0.06,0.02,0.45,0.07,0.09,0.35,1152663,148221,"62,221"
11203,Brooklyn,0.01,0.01,0.02,0.03,0.07,0.01,0.17,0.01,0.14,0.16,0.28,0.08,0.39,0.19,0.31,0.17,547679,57907,"77,226"
11204,Brooklyn,0.01,0.03,0.07,0.08,0.08,0.03,0.13,0.02,0.06,0.15,0.27,0.07,0.58,0.11,0.25,0.2,969208,55962,"80,878"
11205,Brooklyn,0.01,0.03,0.06,0.08,0.08,0.04,0.16,0.05,0.1,0.22,0.14,0.02,0.36,0.14,0.15,0.28,855280,65866,"46,443"
11206,Brooklyn,0.01,0.03,0.06,0.06,0.07,0.05,0.19,0.06,0.1,0.2,0.13,0.04,0.33,0.14,0.22,0.24,848059,43276,"86,573"
11207,Brooklyn,0.01,0.01,0.03,0.04,0.05,0.02,0.17,0.03,0.06,0.22,0.26,0.1,0.31,0.17,0.3,0.13,594429,42491,"97,518"
11208,Brooklyn,0,0.02,0.02,0.04,0.05,0.01,0.38,0.01,0.03,0.19,0.17,0.07,0.39,0.13,0.44,0.11,584780,47360,"91,702"
11209,Brooklyn,0.01,0.03,0.04,0.06,0.07,0.02,0.1,0.03,0.06,0.2,0.3,0.08,0.51,0.13,0.16,0.3,911364,81413,"66,153"
11210,Brooklyn,0.01,0.02,0.05,0.06,0.08,0.03,0.12,0.03,0.07,0.18,0.26,0.1,0.46,0.19,0.22,0.23,750438,74317,"64,845"
11211,Brooklyn,0.01,0.04,0.06,0.06,0.1,0.08,0.24,0.08,0.11,0.12,0.06,0.03,0.39,0.1,0.16,0.36,1145682,82816,"63,038"
11212,Brooklyn,0.02,0.01,0.03,0.04,0.05,0.02,0.15,0.02,0.07,0.2,0.28,0.11,0.27,0.18,0.27,0.12,492149,29348,"83,664"
11213,Brooklyn,0.01,0.03,0.04,0.06,0.07,0.04,0.14,0.02,0.09,0.22,0.21,0.07,0.32,0.19,0.22,0.2,955584,47481,"65,110"
11214,Brooklyn,0.01,0.03,0.04,0.06,0.08,0.02,0.11,0.02,0.06,0.16,0.33,0.1,0.55,0.11,0.23,0.23,863539,61849,"87,490"
11215,Brooklyn,0.01,0.02,0.03,0.04,0.06,0.04,0.15,0.07,0.12,0.29,0.14,0.03,0.53,0.06,0.06,0.37,1410247,150643,"64,623"
11216,Brooklyn,0.01,0.01,0.02,0.04,0.06,0.04,0.17,0.06,0.12,0.26,0.17,0.04,0.31,0.13,0.16,0.31,1378062,71717,"59,848"
11217,Brooklyn,0.01,0.02,0.02,0.05,0.09,0.08,0.21,0.1,0.11,0.2,0.08,0.02,0.41,0.08,0.07,0.36,1684631,126592,"41,645"
11218,Brooklyn,0.02,0.04,0.06,0.05,0.06,0.02,0.14,0.03,0.08,0.23,0.21,0.05,0.53,0.12,0.18,0.26,934566,77057,"75,945"
11219,Brooklyn,0.02,0.06,0.11,0.11,0.08,0.03,0.12,0.02,0.04,0.15,0.19,0.06,0.62,0.1,0.31,0.14,1022937,42979,"90,180"
11220,Brooklyn,0.01,0.02,0.05,0.07,0.07,0.02,0.15,0.02,0.06,0.18,0.24,0.09,0.54,0.07,0.2,0.15,993454,53310,"1,00,208"
11221,Brooklyn,0.01,0.02,0.03,0.04,0.05,0.03,0.15,0.04,0.11,0.25,0.22,0.05,0.29,0.16,0.21,0.23,1036574,57571,"83,751"
11222,Brooklyn,0.01,0.02,0.04,0.05,0.06,0.05,0.22,0.08,0.1,0.23,0.11,0.03,0.38,0.13,0.13,0.4,1282212,96868,"40,241"
11223,Brooklyn,0.01,0.03,0.05,0.06,0.06,0.03,0.12,0.02,0.06,0.16,0.33,0.08,0.56,0.12,0.25,0.22,880792,57479,"79,215"
11224,Brooklyn,0,0.03,0.05,0.07,0.07,0.03,0.11,0.02,0.06,0.12,0.31,0.13,0.43,0.1,0.21,0.22,492408,37469,"49,438"
11225,Brooklyn,0.01,0.01,0.03,0.04,0.06,0.03,0.17,0.04,0.1,0.25,0.19,0.05,0.34,0.18,0.19,0.26,1067281,62950,"56,901"
11226,Brooklyn,0.01,0.01,0.03,0.04,0.06,0.02,0.14,0.04,0.11,0.26,0.21,0.07,0.36,0.16,0.29,0.21,743359,59457,"1,03,776"
11228,Brooklyn,0.01,0.03,0.06,0.09,0.08,0.03,0.12,0.02,0.06,0.15,0.27,0.08,0.58,0.1,0.25,0.24,940457,79331,"41,435"
11229,Brooklyn,0.01,0.03,0.05,0.06,0.06,0.02,0.13,0.02,0.06,0.16,0.29,0.12,0.55,0.12,0.2,0.24,712625,68188,"77,188"
11230,Brooklyn,0.01,0.04,0.07,0.07,0.09,0.03,0.14,0.02,0.07,0.18,0.21,0.05,0.55,0.12,0.19,0.25,922525,55887,"77,538"
11231,Brooklyn,0.01,0.03,0.04,0.06,0.07,0.07,0.17,0.08,0.12,0.22,0.1,0.03,0.5,0.09,0.1,0.33,1647236,126789,"34,867"
11232,Brooklyn,0.01,0.03,0.04,0.05,0.07,0.03,0.16,0.04,0.09,0.22,0.2,0.05,0.44,0.1,0.16,0.21,885112,63189,"31,605"
11233,Brooklyn,0.01,0.01,0.03,0.04,0.08,0.02,0.18,0.04,0.1,0.21,0.21,0.07,0.28,0.14,0.29,0.19,910756,45306,"67,456"
11234,Brooklyn,0,0.02,0.04,0.07,0.08,0.03,0.13,0.02,0.05,0.15,0.26,0.16,0.51,0.16,0.22,0.23,641447,91951,"84,552"
11235,Brooklyn,0.01,0.02,0.06,0.08,0.08,0.03,0.12,0.03,0.05,0.14,0.29,0.1,0.55,0.1,0.17,0.3,724211,60224,"79,192"
11236,Brooklyn,0.01,0.01,0.03,0.04,0.07,0.02,0.15,0.02,0.07,0.14,0.29,0.15,0.38,0.19,0.24,0.2,607893,76780,"92,705"
11237,Brooklyn,0.02,0.02,0.05,0.03,0.06,0.04,0.16,0.07,0.11,0.23,0.17,0.04,0.31,0.11,0.2,0.26,778651,58226,"51,382"
11238,Brooklyn,0.01,0.01,0.04,0.06,0.07,0.05,0.19,0.07,0.11,0.26,0.11,0.03,0.39,0.09,0.09,0.36,1210398,102024,"50,624"
11239,Brooklyn,0.01,0.03,0.03,0.05,0.06,0.03,0.08,0.01,0.03,0.09,0.33,0.25,0.32,0.15,0.25,0.16,547714,36850,"15,757"
11249,Brooklyn,0.01,0.04,0.07,0.09,0.09,0.04,0.23,0.07,0.1,0.15,0.08,0.02,0.48,0.1,0.16,0.33,1335736,99319,"43,493"
11251,Brooklyn,0,0,0,0,0,0,0,0,0,0,0,0,0,0,0,0,0,0,0
11252,Brooklyn,0.04,0.15,0.02,0.03,0.12,0.06,0.15,0.09,0.04,0.15,0.16,0,0.55,0.14,0.07,0.37,0,113535,737
11354,Flushing,0.01,0.06,0.1,0.07,0.1,0.02,0.12,0.01,0.09,0.15,0.21,0.08,0.53,0.12,0.29,0.15,642374,48087,"59,683"
11355,Flushing,0.01,0.05,0.07,0.07,0.09,0.02,0.17,0.02,0.09,0.16,0.21,0.06,0.58,0.1,0.27,0.13,713412,45253,"86,064"
11356,College Point,0.01,0.02,0.06,0.07,0.14,0.04,0.18,0.01,0.05,0.09,0.2,0.11,0.57,0.13,0.3,0.15,697351,69464,"25,164"
11357,Whitestone,0,0.04,0.09,0.08,0.1,0.04,0.13,0.02,0.04,0.11,0.23,0.1,0.59,0.15,0.21,0.24,822116,93045,"39,826"
11358,Flushing,0,0.03,0.06,0.08,0.09,0.03,0.17,0.02,0.07,0.14,0.2,0.1,0.57,0.14,0.22,0.2,835315,75682,"37,617"
11359,Bayside,0,0,0,0,0,0,0,0,0,0,0,0,0,0,0,0,0,0,0
11360,Bayside,0,0.02,0.04,0.06,0.13,0.05,0.2,0.02,0.07,0.09,0.2,0.11,0.53,0.14,0.16,0.29,663025,98111,"18,743"
11361,Bayside,0,0.03,0.07,0.08,0.09,0.04,0.15,0.03,0.06,0.16,0.21,0.08,0.54,0.15,0.17,0.26,806384,96778,"29,029"
11362,Little Neck,0,0.02,0.08,0.11,0.13,0.05,0.13,0.01,0.03,0.07,0.23,0.15,0.58,0.15,0.18,0.27,721555,100377,"17,720"
11363,Little Neck,0,0.02,0.03,0.1,0.08,0.03,0.13,0,0.11,0.14,0.3,0.06,0.6,0.12,0.17,0.32,896138,112129,"6,916"
11364,Oakland Gardens,0,0.02,0.05,0.08,0.11,0.03,0.14,0.02,0.06,0.1,0.24,0.15,0.56,0.13,0.2,0.26,662665,88912,"34,195"
11365,Fresh Meadows,0,0.03,0.05,0.09,0.08,0.02,0.17,0.02,0.06,0.11,0.22,0.14,0.58,0.15,0.2,0.24,779817,77744,"42,503"
11366,Fresh Meadows,0,0.04,0.06,0.07,0.1,0.04,0.12,0.02,0.06,0.13,0.25,0.12,0.55,0.13,0.19,0.28,817624,94267,"13,642"
11367,Flushing,0.01,0.04,0.06,0.08,0.09,0.03,0.15,0.02,0.06,0.15,0.22,0.09,0.51,0.14,0.22,0.25,598978,67065,"42,377"
11368,Corona,0.01,0.02,0.04,0.07,0.07,0.03,0.14,0.02,0.08,0.19,0.25,0.09,0.43,0.12,0.32,0.1,703687,56260,"1,13,036"
11369,East Elmhurst,0,0.01,0.04,0.06,0.07,0.02,0.2,0.02,0.12,0.16,0.23,0.07,0.46,0.12,0.39,0.13,676633,60189,"38,478"
11370,East Elmhurst,0,0.02,0.04,0.05,0.09,0.03,0.18,0.02,0.12,0.19,0.24,0.03,0.41,0.11,0.33,0.15,804173,74622,"34,664"
11371,Flushing,0,0,0,0,0,0,0,0,0,0,0,0,0,0,0,0,0,0,0
11372,Jackson Heights,0,0.02,0.06,0.04,0.07,0.05,0.15,0.06,0.1,0.22,0.17,0.06,0.43,0.11,0.27,0.18,471074,60929,"68,463"
11373,Elmhurst,0.01,0.01,0.03,0.04,0.06,0.02,0.17,0.04,0.12,0.24,0.22,0.04,0.51,0.1,0.3,0.21,699022,55605,"1,02,651"
11374,Rego Park,0.01,0.02,0.04,0.04,0.07,0.03,0.14,0.02,0.11,0.24,0.24,0.05,0.52,0.12,0.17,0.31,558402,69873,"43,573"
11375,Forest Hills,0.01,0.02,0.03,0.04,0.06,0.03,0.13,0.03,0.08,0.27,0.25,0.05,0.56,0.11,0.12,0.33,649592,93927,"69,036"
11377,Woodside,0.01,0.01,0.05,0.06,0.07,0.08,0.21,0.08,0.09,0.17,0.12,0.03,0.47,0.1,0.3,0.22,675280,61730,"89,211"
11378,Maspeth,0,0.02,0.06,0.06,0.08,0.05,0.15,0.02,0.07,0.16,0.25,0.07,0.5,0.15,0.31,0.19,706759,80321,"35,115"
11379,Middle Village,0.01,0.03,0.06,0.07,0.07,0.03,0.14,0.02,0.07,0.17,0.25,0.08,0.55,0.16,0.25,0.22,720063,91499,"35,738"
11385,Ridgewood,0,0.02,0.03,0.06,0.05,0.03,0.19,0.03,0.07,0.3,0.19,0.05,0.48,0.17,0.26,0.2,670068,78981,"1,00,634"
11411,Cambria Heights,0.01,0.01,0.03,0.07,0.11,0.02,0.17,0.02,0.05,0.13,0.18,0.2,0.42,0.22,0.2,0.23,479606,105945,"18,729"
11412,Saint Albans,0,0.02,0.03,0.07,0.09,0.03,0.16,0.02,0.05,0.12,0.25,0.16,0.4,0.23,0.27,0.16,495202,88648,"35,135"
11413,Springfield Gardens,0,0.01,0.04,0.06,0.08,0.03,0.17,0.02,0.05,0.12,0.22,0.19,0.4,0.22,0.23,0.18,539679,99973,"38,572"
11414,Howard Beach,0.01,0.04,0.09,0.08,0.09,0.02,0.14,0.02,0.04,0.12,0.24,0.09,0.5,0.17,0.27,0.17,591231,83915,"26,165"
11415,Kew Gardens,0.01,0.02,0.03,0.09,0.07,0.03,0.15,0.04,0.06,0.19,0.24,0.07,0.46,0.18,0.16,0.29,558824,79176,"18,736"
11416,Ozone Park,0,0.02,0.04,0.05,0.07,0.02,0.13,0.03,0.04,0.19,0.29,0.11,0.52,0.15,0.29,0.17,624533,77934,"25,471"
11417,Ozone Park,0,0.03,0.04,0.05,0.05,0.02,0.12,0.03,0.06,0.21,0.28,0.1,0.54,0.17,0.23,0.2,606141,85913,"27,841"
11418,Richmond Hill,0.01,0.02,0.05,0.07,0.06,0.02,0.16,0.02,0.07,0.19,0.26,0.09,0.5,0.15,0.23,0.2,629719,75680,"38,448"
11419,South Richmond Hill,0.01,0.01,0.04,0.06,0.06,0.02,0.16,0.02,0.05,0.16,0.3,0.11,0.51,0.13,0.24,0.17,611469,77388,"47,841"
11420,South Ozone Park,0.01,0.02,0.06,0.05,0.07,0.02,0.15,0.04,0.05,0.15,0.26,0.13,0.49,0.17,0.26,0.16,605377,81779,"44,875"
11421,Woodhaven,0,0.01,0.03,0.05,0.06,0.03,0.15,0.02,0.06,0.19,0.31,0.09,0.49,0.15,0.24,0.19,593289,80968,"39,304"
11422,Rosedale,0,0.02,0.05,0.04,0.08,0.03,0.16,0.03,0.06,0.13,0.22,0.18,0.41,0.23,0.24,0.18,546077,99571,"31,023"
11423,Hollis,0.01,0.01,0.06,0.08,0.08,0.03,0.15,0.02,0.06,0.12,0.27,0.12,0.47,0.18,0.2,0.23,623137,76863,"29,195"
11426,Bellerose,0,0.03,0.07,0.09,0.16,0.03,0.14,0.03,0.04,0.08,0.17,0.14,0.6,0.16,0.21,0.22,612512,105836,"18,134"
11427,Queens Village,0.01,0.02,0.04,0.07,0.12,0.03,0.15,0.02,0.06,0.14,0.21,0.14,0.55,0.17,0.21,0.23,603461,85290,"24,145"
11428,Queens Village,0.01,0.01,0.04,0.06,0.1,0.04,0.17,0.03,0.05,0.11,0.22,0.15,0.56,0.18,0.28,0.16,570709,87635,"18,581"
11429,Queens Village,0.01,0.01,0.02,0.07,0.09,0.04,0.14,0.02,0.05,0.16,0.24,0.18,0.41,0.21,0.15,0.19,490662,95295,"24,488"
11430,Jamaica,0,0.01,0.01,0.04,0.1,0.03,0.25,0.01,0.04,0.25,0.06,0.19,0.42,0.18,0.32,0.09,562500,83333,330
11432,Jamaica,0.01,0.02,0.05,0.06,0.06,0.03,0.13,0.01,0.04,0.16,0.33,0.09,0.5,0.13,0.18,0.25,680617,61047,"60,955"
11433,Jamaica,0.01,0.01,0.05,0.08,0.08,0.03,0.15,0.01,0.05,0.13,0.26,0.14,0.37,0.17,0.22,0.13,513500,58262,"33,284"
11434,Jamaica,0,0.03,0.03,0.06,0.08,0.03,0.15,0.03,0.04,0.13,0.24,0.18,0.36,0.25,0.26,0.16,512271,69369,"60,636"
11435,Jamaica,0.01,0.01,0.05,0.07,0.07,0.03,0.12,0.02,0.05,0.19,0.3,0.08,0.49,0.18,0.13,0.21,512959,70664,"55,804"
11436,Jamaica,0.01,0.02,0.06,0.06,0.09,0.02,0.13,0.02,0.06,0.12,0.25,0.17,0.4,0.19,0.26,0.15,495829,82376,"18,254"
11691,Far Rockaway,0.01,0.05,0.08,0.08,0.07,0.02,0.12,0.02,0.05,0.13,0.18,0.19,0.4,0.19,0.2,0.17,606105,50199,"61,831"
11692,Arverne,0.02,0.02,0.04,0.03,0.05,0.02,0.14,0.01,0.03,0.14,0.29,0.21,0.38,0.19,0.22,0.17,510705,48438,"20,414"
11693,Far Rockaway,0.01,0.02,0.05,0.02,0.06,0.03,0.14,0,0.07,0.15,0.24,0.21,0.4,0.17,0.26,0.17,470386,68147,"11,900"
11694,Rockaway Park,0.01,0.06,0.06,0.05,0.06,0.04,0.16,0.03,0.08,0.11,0.18,0.16,0.48,0.16,0.2,0.25,787210,91921,"20,874"
11697,Breezy Point,0,0.1,0.05,0.03,0.08,0,0.14,0.04,0.07,0.12,0.28,0.11,0.64,0.21,0.14,0.29,645581,112776,"4,065"
